{"spot_diameter_fullres": 89.47199235723474, "tissue_hires_scalef": 0.17211704, "fiducial_diameter_fullres": 144.5316799616869, "tissue_lowres_scalef": 0.051635113}